{"cameraMode":{"drawMode":0,"name":"Shaded","section":"Shading Mode"},"sceneLighting":false,"audioPlay":false,"sceneViewState":{"m_AlwaysRefresh":false,"showFog":true,"showSkybox":false,"showFlares":true,"showImageEffects":true,"showParticleSystems":true,"showVisualEffectGraphs":true,"m_FxEnabled":true},"in2DMode":false,"pivot":{"x":-0.029999971389770509,"y":0.9550004005432129,"z":36.31609344482422},"rotation":{"x":-0.24871355295181275,"y":-0.5633678436279297,"z":0.18283069133758546,"w":-0.7663715481758118},"size":0.8660253882408142,"orthographic":false}