{"cameraMode":{"drawMode":0,"name":"Shaded","section":"Shading Mode"},"sceneLighting":true,"audioPlay":false,"sceneViewState":{"m_AlwaysRefresh":false,"showFog":true,"showSkybox":true,"showFlares":true,"showImageEffects":true,"showParticleSystems":true,"showVisualEffectGraphs":true,"m_FxEnabled":true},"in2DMode":false,"pivot":{"x":-4.447458744049072,"y":13.998428344726563,"z":34.460330963134769},"rotation":{"x":-0.4936550557613373,"y":-0.12514404952526093,"z":0.07203507423400879,"w":-0.8575837016105652},"size":18.344844818115236,"orthographic":false}