{"cameraMode":{"drawMode":0,"name":"Shaded","section":"Shading Mode"},"sceneLighting":true,"audioPlay":false,"sceneViewState":{"m_AlwaysRefresh":false,"showFog":true,"showSkybox":true,"showFlares":true,"showImageEffects":true,"showParticleSystems":true,"showVisualEffectGraphs":true,"m_FxEnabled":true},"in2DMode":false,"pivot":{"x":0.01671081781387329,"y":1.0925500392913819,"z":1.2583489418029786},"rotation":{"x":-0.24059762060642243,"y":-0.15728849172592164,"z":0.039543285965919498,"w":-0.95697420835495},"size":13.706340789794922,"orthographic":false}