{"cameraMode":{"drawMode":0,"name":"Shaded","section":"Shading Mode"},"sceneLighting":false,"audioPlay":false,"sceneViewState":{"showFog":true,"showMaterialUpdate":false,"showSkybox":false,"showFlares":true,"showImageEffects":true,"showParticleSystems":true},"in2DMode":false,"pivot":{"x":0.40094757080078127,"y":8.054192543029786,"z":3.3951950073242189},"rotation":{"x":-0.25579023361206057,"y":-0.6993765830993652,"z":0.3000793159008026,"w":-0.5961575508117676},"size":3.8749587535858156,"orthographic":false}