{"cameraMode":{"drawMode":0,"name":"Shaded","section":"Shading Mode"},"sceneLighting":false,"audioPlay":false,"sceneViewState":{"m_AlwaysRefresh":false,"showFog":true,"showSkybox":false,"showFlares":true,"showImageEffects":true,"showParticleSystems":true,"showVisualEffectGraphs":true,"m_FxEnabled":true},"in2DMode":false,"pivot":{"x":-0.017552495002746583,"y":-0.014288492500782013,"z":-0.00350874662399292},"rotation":{"x":-0.2327043116092682,"y":0.12937790155410767,"z":0.031292885541915897,"w":0.9634472131729126},"size":1.1564135551452637,"orthographic":false}